-- =====================================================================
-- V2: 開発用シードデータ
-- =====================================================================

-- Boards
INSERT INTO boards (id, title, created_at, updated_at) VALUES
    ('a0000000-0000-0000-0000-000000000001', 'プロジェクト Alpha', NOW(), NOW()),
    ('a0000000-0000-0000-0000-000000000002', 'スプリント 2025-Q2', NOW(), NOW());

-- Lists for Board 1
INSERT INTO lists (id, board_id, title, position, created_at, updated_at) VALUES
    ('b0000000-0000-0000-0000-000000000001', 'a0000000-0000-0000-0000-000000000001', 'Backlog',     1024, NOW(), NOW()),
    ('b0000000-0000-0000-0000-000000000002', 'a0000000-0000-0000-0000-000000000001', 'In Progress', 2048, NOW(), NOW()),
    ('b0000000-0000-0000-0000-000000000003', 'a0000000-0000-0000-0000-000000000001', 'Done',        3072, NOW(), NOW());

-- Lists for Board 2
INSERT INTO lists (id, board_id, title, position, created_at, updated_at) VALUES
    ('b0000000-0000-0000-0000-000000000004', 'a0000000-0000-0000-0000-000000000002', 'Todo',   1024, NOW(), NOW()),
    ('b0000000-0000-0000-0000-000000000005', 'a0000000-0000-0000-0000-000000000002', 'Review', 2048, NOW(), NOW());

-- Labels for Board 1
INSERT INTO labels (id, board_id, name, color, created_at, updated_at) VALUES
    ('c0000000-0000-0000-0000-000000000001', 'a0000000-0000-0000-0000-000000000001', 'バグ', '#EB5A46', NOW(), NOW()),
    ('c0000000-0000-0000-0000-000000000002', 'a0000000-0000-0000-0000-000000000001', '機能', '#61BD4F', NOW(), NOW()),
    ('c0000000-0000-0000-0000-000000000003', 'a0000000-0000-0000-0000-000000000001', '設計', '#0079BF', NOW(), NOW());

-- Cards
INSERT INTO cards (id, list_id, title, description, priority, due_date, position, created_at, updated_at) VALUES
    ('d0000000-0000-0000-0000-000000000001', 'b0000000-0000-0000-0000-000000000001',
     'ログイン画面のデザイン修正', 'ボタンの配置とフォントサイズを調整する', 'high',   '2026-05-15', 1024, NOW(), NOW()),
    ('d0000000-0000-0000-0000-000000000002', 'b0000000-0000-0000-0000-000000000001',
     'APIエラーハンドリング追加', NULL,                                        'medium', '2026-05-20', 2048, NOW(), NOW()),
    ('d0000000-0000-0000-0000-000000000003', 'b0000000-0000-0000-0000-000000000002',
     'ダッシュボードUIの実装',   'メインの統計ウィジェットを追加',              'high',   '2026-05-10', 1024, NOW(), NOW()),
    ('d0000000-0000-0000-0000-000000000004', 'b0000000-0000-0000-0000-000000000003',
     'DB接続設定の最適化',       NULL,                                        'low',    NULL,         1024, NOW(), NOW());

-- Card Labels (M:N)
INSERT INTO card_labels (card_id, label_id) VALUES
    ('d0000000-0000-0000-0000-000000000001', 'c0000000-0000-0000-0000-000000000001'),
    ('d0000000-0000-0000-0000-000000000001', 'c0000000-0000-0000-0000-000000000003'),
    ('d0000000-0000-0000-0000-000000000003', 'c0000000-0000-0000-0000-000000000002');

-- Checklists
INSERT INTO checklists (id, card_id, title, position, created_at, updated_at) VALUES
    ('e0000000-0000-0000-0000-000000000001', 'd0000000-0000-0000-0000-000000000001', '対応手順', 1024, NOW(), NOW()),
    ('e0000000-0000-0000-0000-000000000002', 'd0000000-0000-0000-0000-000000000003', '実装タスク', 1024, NOW(), NOW());

-- Checklist Items
INSERT INTO checklist_items (id, checklist_id, text, is_completed, position, created_at, updated_at) VALUES
    ('f0000000-0000-0000-0000-000000000001', 'e0000000-0000-0000-0000-000000000001', 'デザイン確認',   true,  1024, NOW(), NOW()),
    ('f0000000-0000-0000-0000-000000000002', 'e0000000-0000-0000-0000-000000000001', 'コードレビュー', false, 2048, NOW(), NOW()),
    ('f0000000-0000-0000-0000-000000000003', 'e0000000-0000-0000-0000-000000000001', 'QAテスト',       false, 3072, NOW(), NOW()),
    ('f0000000-0000-0000-0000-000000000004', 'e0000000-0000-0000-0000-000000000002', 'ウィジェット作成', true,  1024, NOW(), NOW()),
    ('f0000000-0000-0000-0000-000000000005', 'e0000000-0000-0000-0000-000000000002', 'レイアウト調整', false, 2048, NOW(), NOW());
